RecordID,Fold
1,3
2,1
3,2
4,2
5,2
6,2
7,1
8,1
9,3
10,5
11,3
12,4
13,4
14,5
15,3
16,2
17,4
18,3
19,3
20,2
21,4
22,5
23,2
24,3
25,2
26,4
27,1
28,1
29,1
30,5
31,5
32,3
33,2
34,3
35,1
36,1
37,2
38,3
39,1
40,5
41,3
42,3
43,4
44,2
45,1
46,5
47,3
48,3
49,1
50,2
51,1
52,4
53,4
54,1
55,5
56,4
57,5
58,3
59,2
60,4
61,4
62,2
63,3
64,5
65,4
66,5
67,1
68,5
69,4
70,5
71,5
72,5
73,1
74,1
75,4
76,4
77,3
78,1
79,1
80,3
81,2
82,1
83,3
84,3
85,2
86,4
87,2
88,2
89,5
90,3
91,5
92,1
93,3
94,5
95,1
96,5
97,5
98,5
99,1
100,5
101,2
102,1
103,5
104,2
105,1
106,3
107,1
108,1
109,3
110,5
111,1
112,5
113,4
114,5
115,3
116,2
117,4
118,3
119,5
120,1
121,1
122,4
123,2
124,1
125,1
126,1
127,2
128,4
129,2
130,5
131,4
132,1
133,5
134,2
135,3
136,4
137,1
138,1
139,4
140,5
141,2
142,1
143,1
144,5
145,2
146,5
147,3
148,1
149,5
150,3
151,2
152,2
153,3
154,4
155,2
156,3
157,2
158,2
159,2
160,3
161,4
162,4
163,3
164,4
165,5
166,5
167,2
168,5
169,4
170,1
171,2
172,2
173,1
174,1
175,5
176,3
177,5
178,2
179,1
180,1
181,2
182,2
183,4
184,5
185,5
186,2
187,2
188,1
189,5
190,3
191,4
192,5
193,4
194,1
195,1
196,4
197,4
198,4
199,2
200,5
201,2
202,5
203,3
204,2
205,5
206,4
207,3
208,3
209,2
210,3
211,4
212,4
213,4
214,3
215,3
216,2
217,3
218,3
219,3
220,2
221,1
222,5
223,3
224,5
225,1
226,4
227,2
228,3
229,4
230,2
231,4
232,5
233,1
234,2
235,3
236,3
237,3
238,1
239,3
240,2
241,1
242,1
243,3
244,5
245,3
246,4
247,4
248,4
249,1
250,4
251,4
252,1
253,2
254,1
255,5
256,3
257,2
258,1
259,3
260,4
261,5
262,5
263,3
264,4
265,4
266,3
267,5
268,5
269,3
270,4
271,2
272,3
273,2
274,2
275,2
276,3
277,2
278,2
279,2
280,1
281,2
282,4
283,2
284,2
285,4
286,2
287,3
288,1
289,1
290,1
291,2
292,2
293,4
294,1
295,2
296,4
297,4
298,3
299,5
300,1
301,4
302,3
303,3
304,3
305,1
306,2
307,5
308,1
309,3
310,3
311,5
312,4
313,1
314,5
315,3
316,5
317,2
318,5
319,5
320,3
321,4
322,5
323,1
324,2
325,5
326,5
327,4
328,5
329,1
330,2
331,4
332,1
333,4
334,3
335,3
336,2
337,3
338,4
339,2
340,5
341,3
342,1
343,2
344,3
345,2
346,4
347,1
348,4
349,5
350,1
351,1
352,2
353,5
354,1
355,3
356,2
357,1
358,2
359,3
360,1
361,3
362,4
363,5
364,5
365,2
366,5
367,4
368,5
369,1
370,1
371,3
372,5
373,4
374,4
375,1
376,3
377,3
378,1
379,1
380,5
381,1
382,1
383,1
384,1
385,5
386,4
387,5
388,3
389,4
390,2
391,4
392,4
393,1
394,1
395,5
396,3
397,2
398,5
399,2
400,4
401,1
402,4
403,4
404,1
405,3
406,2
407,3
408,3
409,2
410,2
411,3
412,3
413,2
414,5
415,1
416,4
417,3
418,2
419,1
420,5
421,5
422,2
423,1
424,5
425,5
426,3
427,3
428,4
429,3
430,5
431,3
432,5
433,1
434,5
435,5
436,4
437,2
438,4
439,5
440,4
441,1
442,2
443,5
444,4
445,4
446,5
447,5
448,5
449,4
450,4
451,1
452,5
453,1
454,3
455,3
456,4
457,4
458,2
459,2
460,4
461,1
462,1
463,4
464,4
465,5
466,4
467,1
468,2
469,5
470,1
471,4
472,4
473,5
474,3
475,1
476,2
477,5
478,3
479,1
480,2
481,3
482,5
483,5
484,5
485,4
486,2
487,3
488,5
489,3
490,2
491,4
492,5
493,2
494,5
495,4
496,5
497,2
498,4
499,5
500,2
501,5
502,4
503,4
504,3
505,2
506,1
507,2
508,4
509,2
510,5
511,4
512,3
513,4
514,1
515,3
516,2
517,2
518,4
519,5
520,2
521,5
522,2
523,1
524,1
525,4
526,5
527,2
528,4
529,4
530,3
531,2
532,4
533,2
534,2
535,1
536,3
537,4
538,1
539,1
540,5
541,4
542,5
543,2
544,3
545,5
546,3
547,3
548,4
549,4
550,5
551,2
552,2
553,5
554,4
555,2
556,2
557,3
558,1
559,2
560,2
561,3
562,5
563,1
564,5
565,1
566,4
567,3
568,4
569,1
570,1
571,4
572,5
573,5
574,1
575,5
576,3
577,3
578,3
579,5
580,3
581,5
582,4
583,1
584,3
585,2
586,4
587,5
588,2
589,1
590,1
591,5
592,3
593,3
594,3
595,4
596,5
597,1
598,1
599,2
600,4
601,2
602,1
603,3
604,2
605,4
606,3
607,2
608,5
609,5
610,1
611,1
612,5
613,2
614,5
615,3
616,5
617,4
618,5
619,5
620,4
621,4
622,2
623,3
624,3
625,3
626,2
627,1
628,5
629,1
630,1
631,2
632,2
633,4
634,5
635,2
636,2
637,4
638,2
639,4
640,1
641,5
642,1
643,2
644,2
645,3
646,2
647,3
648,2
649,5
650,1
651,3
652,1
653,4
654,1
655,1
656,3
657,1
658,3
659,2
660,1
661,4
662,3
663,3
664,4
665,3
666,1
667,4
668,3
669,2
670,1
671,3
672,1
673,5
674,5
675,1
676,4
677,1
678,3
679,1
680,4
681,4
682,3
683,2
684,4
685,1
686,4
687,4
688,5
689,1
690,4
691,3
692,5
693,2
694,3
695,5
696,1
697,2
698,1
699,3
700,3
701,2
702,4
703,3
704,1
705,4
706,1
707,2
708,2
709,5
710,2
711,4
712,1
713,2
714,4
715,3
716,5
717,4
718,1
719,3
720,5
721,4
722,4
723,3
724,1
725,3
726,1
727,4
728,5
729,4
730,2
731,5
732,3
733,5
734,2
735,5
736,5
737,4
738,3
739,1
740,2
741,2
742,2
743,1
744,1
745,5
746,5
747,4
748,4
749,3
750,1
751,2
752,1
753,1
754,5
755,5
756,3
757,3
758,1
759,4
760,4
761,3
762,3
763,3
764,1
765,5
766,3
767,3
768,3
769,4
770,5
771,4
772,1
773,5
774,5
775,4
776,5
777,3
778,4
779,4
780,4
781,3
782,2
783,1
784,3
785,2
786,3
787,5
788,3
789,4
790,4
791,1
792,1
793,5
794,3
795,2
796,1
797,3
798,2
799,1
800,1
801,1
802,1
803,3
804,1
805,5
806,4
807,5
808,2
809,2
810,5
811,1
812,5
813,4
814,3
815,1
816,1
817,5
818,3
819,4
820,3
821,4
822,2
823,4
824,1
825,3
826,5
827,5
828,5
829,2
830,2
831,4
832,5
833,4
834,3
835,1
836,2
837,3
838,5
839,4
840,1
841,3
842,4
843,3
844,3
845,5
846,1
847,1
848,3
849,2
850,3
851,2
852,1
853,1
854,1
855,5
856,3
857,3
858,4
859,3
860,1
861,1
862,2
863,4
864,5
865,2
866,4
867,2
868,4
869,4
870,3
871,5
872,4
873,2
874,3
875,5
876,4
877,4
878,2
879,4
880,5
881,2
882,2
883,2
884,5
885,3
886,2
887,5
888,4
889,5
890,1
891,2
892,5
893,3
894,1
895,2
896,3
897,5
898,4
899,1
900,2
901,2
902,2
903,3
904,1
905,2
906,2
907,4
908,2
909,2
910,4
911,5
912,3
913,2
914,4
915,5
916,4
917,4
918,2
